ID,Product Name,Category,Direct Link
6051,Profile Wireless Transmitter,Microphones,https://www.sennheiser.com/en-au/catalog/products/microphones/profile-wireless-transmitter/profile-wireless-transmitter-700268
6185,MKH 8018 Model,Microphones,https://www.sennheiser.com/en-au/catalog/products/microphones/mkh-8018-model/mkh-8018-700252
6050,Profile Wireless Receiver,Microphones,https://www.sennheiser.com/en-au/catalog/products/microphones/profile-wireless-receiver/profile-wireless-receiver-700269
6029,MD 421 KOMPAKT,Microphones,https://www.sennheiser.com/en-au/catalog/products/microphones/md-421-kompakt/md-421-kompakt-700587
5796,MKH 8030,Microphones,https://www.sennheiser.com/en-au/catalog/products/microphones/mkh-8030/mkh-8030-700251
1007,Profile USB Microphone,Microphones,https://www.sennheiser.com/en-au/catalog/products/microphones/profile-usb-microphone/profile-usb-microphone-700065
1140,e 835,Microphones,https://www.sennheiser.com/en-au/catalog/products/microphones/e-835/e-835-004513
962,e 945,Microphones,https://www.sennheiser.com/en-au/catalog/products/microphones/e-945/e-945-009422
1034,MKE 400,Microphones,ahttps://www.sennheiser.com/en-au/catalog/products/microphones/mke-400/mke-400-508898
987,MKH 416-P48U3,Microphones,https://www.sennheiser.com/en-au/catalog/products/microphones/mkh-416-p48u3/mkh-416-p48u3-001511
1067,MD 421-II,Microphones,https://www.sennheiser.com/en-au/catalog/products/microphones/md-421-ii/md-421-ii-000984
937,e 604,Microphones,https://www.sennheiser.com/en-au/catalog/products/microphones/e-604/e-604-004519
1260,MKE 600,Microphones,https://www.sennheiser.com/en-au/catalog/products/microphones/mke-600/mke-600-505453
1128,MK 4,Microphones,https://www.sennheiser.com/en-au/catalog/products/microphones/mk-4/mk-4-504298
1368,MKE 2,Microphones,https://www.sennheiser.com/en-au/catalog/products/microphones/mke-2/mke-2-black-ew-009831
1019,TeamConnect Ceiling 2,Meeting Systems,https://www.sennheiser.com/en-au/catalog/products/meeting-and-conference-systems/teamconnect-ceiling-2/teamconnect-ceiling-2-black-509161
1097,TeamConnect Ceiling Medium,Meeting Systems,https://www.sennheiser.com/en-au/catalog/products/meeting-and-conference-systems/teamconnect-ceiling-medium/teamconnect-ceiling-medium-f-w-700170
954,TeamConnect Bar S,Meeting Systems,https://www.sennheiser.com/en-au/catalog/products/meeting-and-conference-systems/tc-bar-s/teamconnect-bar-s-us-700105
5570,TeamConnect Bar M,Meeting Systems,https://www.sennheiser.com/en-au/catalog/products/meeting-and-conference-systems/tc-bar-m/teamconnect-bar-m-us-700111
1001,EW-DP SKP,Wireless Systems,https://www.sennheiser.com/en-au/catalog/products/wireless-systems/ew-dp-skp/ew-dp-skp-r1-6-700081
955,MEG 14-40,Microphones,https://www.sennheiser.com/en-au/catalog/products/microphones/meg-14-40/meg-14-40-b-504791
1194,EW-DX SK / SKM-S Base Set,Wireless Systems,https://www.sennheiser.com/en-au/catalog/products/wireless-systems/ew-dx-sk--skm-s-base-set/ew-dx-sk-skm-s-base-set-q1-9-509462
926,EW-DX SK,Wireless Systems,https://www.sennheiser.com/en-au/catalog/products/wireless-systems/ew-dx-sk/ew-dx-sk-q1-9-509384
1240,EW-DX SKM,Wireless Systems,https://www.sennheiser.com/en-au/catalog/products/wireless-systems/ew-dx-skm/ew-dx-skm-q1-9-509426
1185,SKM 9000,Wireless Systems,https://www.sennheiser.com/en-au/catalog/products/wireless-systems/skm-9000/skm-9000-bk-a1-a4-504718
1146,SL Headmic 1,Microphones,https://www.sennheiser.com/en-au/catalog/products/microphones/sl-headmic-1/headmic-1-beige-ew-506272
5568,SL DW Bodypack ME2 Set,Wireless Systems,https://www.sennheiser.com/en-au/catalog/products/wireless-systems/sl-dw-bodypack-me2-set/sl-bodypack-me-2-kit-dw-3-509220
5569,SL DW Bodypack HS2 Set,Wireless Systems,https://www.sennheiser.com/en-au/catalog/products/wireless-systems/sl-dw-bodypack-hs2-set/sl-bodypack-hs-2-kit-dw-3-509215
5574,SL DW Bodypack MKE40 Set,Wireless Systems,https://www.sennheiser.com/en-au/catalog/products/wireless-systems/sl-dw-bodypack-mke40-set/sl-bodypack-mke-40-kit-dw-3-509225
5571,SL DW Bodypack HM1 Set,Wireless Systems,https://www.sennheiser.com/en-au/catalog/products/wireless-systems/sl-dw-bodypack-hm1-set/sl-bodypack-hm-1-kit-dw-3-509230
5572,SL DW Bodypack MKE2 Set,Wireless Systems,https://www.sennheiser.com/en-au/catalog/products/wireless-systems/sl-dw-bodypack-mke2-set/sl-bodypack-mke-2-kit-dw-3-509210
1190,SL DW Handheld,Wireless Systems,https://www.sennheiser.com/en-au/catalog/products/wireless-systems/sl-dw-handheld/sl-handheld-dw-4-us-505902
1373,SL DW HANDHELD SET,Wireless Systems,https://www.sennheiser.com/en-au/catalog/products/wireless-systems/sl-dw-handheld-set/sl-handheld-set-505918
892,SL DW Tablestand 133,Wireless Systems,https://www.sennheiser.com/en-au/catalog/products/wireless-systems/sl-dw-tablestand-133/sl-ts-133-s-dw-3-b-506610
1069,EW 500 G4-MKE2,Wireless Systems,https://www.sennheiser.com/en-au/catalog/products/wireless-systems/ew-500-g4-mke2/ew-500-g4-mke2-gw1-508450
1201,EW 500 G4-935,Wireless Systems,https://www.sennheiser.com/en-au/catalog/products/wireless-systems/ew-500-g4-935/ew-500-g4-935-cw-509769
1107,EW 500 G4-CI1,Wireless Systems,https://www.sennheiser.com/en-au/catalog/products/wireless-systems/ew-500-g4-ci1/ew-500-g4-ci1-gbw-509936
1280,EW 500 G4-945,Wireless Systems,https://www.sennheiser.com/en-au/catalog/products/wireless-systems/ew-500-g4-945/ew-500-g4-945-gw-509770
903,EW 500 G4-965,Wireless Systems,https://www.sennheiser.com/en-au/catalog/products/wireless-systems/ew-500-g4-965/ew-500-g4-965-jb-508106
1121,EW 500 G4-KK205 2138Z,Wireless Systems,https://www.sennheiser.com/en-au/catalog/products/wireless-systems/ew-500-g4-kk205-2138z/ew-500-g4-kk205-aw-508558
950,EW 500 G4-KK205 21381,Wireless Systems,https://www.sennheiser.com/en-au/catalog/products/wireless-systems/ew-500-g4-kk205-21381/ew-500-g4-kk205-k-509276
1027,SKM 500 G4,Wireless Systems,https://www.sennheiser.com/en-au/catalog/products/wireless-systems/skm-500-g4/skm-500-g4-aw-509784
1074,EW-DX 835-S Set,Wireless Systems,https://www.sennheiser.com/en-au/catalog/products/wireless-systems/ew-dx-835-s-set/ew-dx-835-s-set-q1-9-509300
1157,EW-DX MKE 2 / 835-S Set,Wireless Systems,https://www.sennheiser.com/en-au/catalog/products/wireless-systems/ew-dx-mke-2--835-s-set/ew-dx-mke-2-835-s-set-q1-9-509328
1029,EW-DX MKE 2 Set,Wireless Systems,https://www.sennheiser.com/en-au/catalog/products/wireless-systems/ew-dx-mke-2-set/ew-dx-mke-2-set-q1-9-509314
1274,SL DW Boundary 114 ,Wireless Systems,https://www.sennheiser.com/en-au/catalog/products/wireless-systems/sl-dw-boundary-114/sl-boundary-114-s-dw-3-b-506607
1156,SL DW Boundary Set,Wireless Systems,https://www.sennheiser.com/en-au/catalog/products/wireless-systems/sl-dw-boundary-set/sl-boundary-set-dw-7-br-506968
1267,ME 36,Microphones,https://www.sennheiser.com/en-au/catalog/products/microphones/me-36/me-36-005065
1296,ME 4,Microphones,https://www.sennheiser.com/en-au/catalog/products/microphones/me-4/me-4-508936
961,e 935,Microphones,https://www.sennheiser.com/en-au/catalog/products/microphones/e-935/e-935-009421
1047,e 825,Microphones,https://www.sennheiser.com/en-au/catalog/products/microphones/e-825/e-825-s-004511
1116,MMD 835,Microphones,https://www.sennheiser.com/en-au/catalog/products/microphones/mmd-835/mmd-835-1-bk-502575
1012,MKH 8070,Microphones,https://www.sennheiser.com/en-au/catalog/products/microphones/mkh-8070/mkh-8070-506293
1311,HSP 4,Wireless Systems,https://www.sennheiser.com/en-au/catalog/products/wireless-systems/hsp-4/hsp-4-m-500700
944,HSP 2,Wireless Systems,https://www.sennheiser.com/en-au/catalog/products/wireless-systems/hsp-2/hsp-2-black-3-pin-009862
906,e 914,Microphones,https://www.sennheiser.com/en-au/catalog/products/microphones/e-914/e-914-500206
923,MMD 845,Microphones,https://www.sennheiser.com/en-au/catalog/products/microphones/mmd-845/mmd-845-1-bk-502576
924,MK 8,Microphones,https://www.sennheiser.com/en-au/catalog/products/microphones/mk-8/mk-8-506195
1349,MKH 8040,Microphones,https://www.sennheiser.com/en-au/catalog/products/microphones/mkh-8040/mkh-8040-506289
1033,MD 441,Microphones,https://www.sennheiser.com/en-au/catalog/products/microphones/md-441/md-441-u-000762
1232,e 845,Microphones,https://www.sennheiser.com/en-au/catalog/products/microphones/e-845/e-845-004515
968,MD 431 II,Microphones,https://www.sennheiser.com/en-au/catalog/products/microphones/md-431/md-431-ii-001605
1216,e 902,Microphones,https://www.sennheiser.com/en-au/catalog/products/microphones/e-902/e-902-500199
1278,MMD 42,Microphones,https://www.sennheiser.com/en-au/catalog/products/microphones/mmd-42/mmd-42-1-506772
984,MKH 50,Microphones,https://www.sennheiser.com/en-au/catalog/products/microphones/mkh-50/mkh-50-p48-003109
1151,e 608,Microphones,https://www.sennheiser.com/en-au/catalog/products/microphones/e-608/e-608-004520
1241,MMK 965,Microphones,https://www.sennheiser.com/en-au/catalog/products/microphones/mmk-965/mmk-965-1-ni-502584
990,MKE 200,Microphones,https://www.sennheiser.com/en-au/catalog/products/microphones/mke-200/mke-200-508897
1319,ME 3,Microphones,https://www.sennheiser.com/en-au/catalog/products/microphones/me-3/me-3-508928
1178,MEB 114,Meeting Systems,https://www.sennheiser.com/en-au/catalog/products/meeting-and-conference-systems/meb-114/meb-114-b-505612
1117,AMBEO VR MIC,Microphones,https://www.sennheiser.com/en-au/catalog/products/microphones/ambeo-vr-mic/ambeo-vr-mic-507195
1149,SL DW TS 153,Meeting Systems,https://www.sennheiser.com/en-au/catalog/products/meeting-and-conference-systems/sl-dw-ts-153
1322,ME 34,Microphones,https://www.sennheiser.com/en-au/catalog/products/microphones/me-34/me-34-w-005061
910,HM 200,Wireless Systems,https://www.sennheiser.com/en-au/catalog/products/wireless-systems/hm-200
998,MD 435,Microphones,https://www.sennheiser.com/en-au/catalog/products/microphones/md-435/md-435-508827
1307,EW-DX SKM-S,Wireless Systems,https://www.sennheiser.com/en-au/catalog/products/wireless-systems/ew-dx-skm-s/ew-dx-skm-s-q1-9-509412
5816,Headmic 4,Microphones,https://www.sennheiser.com/en-au/catalog/products/microphones/headmics/headmic-4-beige-ew-509494
925,SL DW TS 133 Set,Wireless Systems,https://www.sennheiser.com/en-au/catalog/products/wireless-systems/sl-dw-ts-133-set/sl-ts-133-gn-set-dw-4-eu-506634